Player,Team,G,MP,TS%,MPG
Aaron Gordon,DEN,75.0,2376.0,0.602,31.68
Aaron Henry,PHI,6.0,17.0,0.2,2.8333333333333335
Aaron Holiday,2TM,63.0,1021.0,0.544,16.206349206349206
Aaron Nesmith,BOS,52.0,574.0,0.507,11.038461538461538
Aaron Wiggins,OKC,50.0,1209.0,0.556,24.18
Abdel Nader,PHO,14.0,145.0,0.431,10.357142857142858
Admiral Schofield,ORL,38.0,469.0,0.538,12.342105263157896
Ahmad Caver,IND,1.0,1.0,1.0,1.0
Al Horford,BOS,69.0,2005.0,0.574,29.057971014492754
Alec Burks,NYK,81.0,2318.0,0.559,28.617283950617285
Aleem Ford,ORL,5.0,74.0,0.35,14.8
Aleksej Pokusevski,OKC,61.0,1233.0,0.485,20.21311475409836
Alex Caruso,CHI,41.0,1147.0,0.528,27.975609756097562
Alex Len,SAC,39.0,620.0,0.577,15.897435897435898
Alfonzo McKinnie,CHI,17.0,206.0,0.457,12.117647058823529
Alize Johnson,3TM,23.0,167.0,0.463,7.260869565217392
Alperen Şengün,HOU,72.0,1489.0,0.552,20.680555555555557
Amir Coffey,LAC,69.0,1567.0,0.598,22.71014492753623
Andre Drummond,2TM,73.0,1437.0,0.574,19.684931506849313
Andre Iguodala,GSW,31.0,603.0,0.478,19.451612903225808
Andrew Wiggins,GSW,73.0,2329.0,0.56,31.904109589041095
Anfernee Simons,POR,57.0,1681.0,0.583,29.49122807017544
Anthony Davis,LAL,40.0,1404.0,0.578,35.1
Anthony Edwards,MIN,72.0,2466.0,0.56,34.25
Anthony Gill,WAS,44.0,463.0,0.682,10.522727272727273
Anthony Lamb,SAS,2.0,8.0,0.0,4.0
Armoni Brooks,2TM,54.0,844.0,0.483,15.62962962962963
Arnoldas Kulboka,CHO,2.0,5.0,0.0,2.5
Austin Reaves,LAL,61.0,1418.0,0.6,23.24590163934426
Austin Rivers,DEN,67.0,1480.0,0.546,22.08955223880597
Avery Bradley,LAL,62.0,1406.0,0.55,22.677419354838708
Ayo Dosunmu,CHI,77.0,2110.0,0.596,27.4025974025974
B.J. Johnson,ORL,4.0,65.0,0.52,16.25
Bam Adebayo,MIA,56.0,1825.0,0.608,32.589285714285715
Ben McLemore,POR,64.0,1285.0,0.567,20.078125
Bismack Biyombo,PHO,36.0,506.0,0.596,14.055555555555555
Blake Griffin,BRK,56.0,958.0,0.518,17.107142857142858
Boban Marjanović,DAL,23.0,128.0,0.615,5.565217391304348
Bobby Portis,MIL,72.0,2028.0,0.571,28.166666666666668
Bogdan Bogdanović,ATL,63.0,1848.0,0.562,29.333333333333332
Bojan Bogdanović,UTA,69.0,2131.0,0.599,30.884057971014492
Bol Bol,DEN,14.0,81.0,0.565,5.785714285714286
Bones Hyland,DEN,69.0,1310.0,0.558,18.985507246376812
Brad Wanamaker,2TM,23.0,320.0,0.472,13.91304347826087
Bradley Beal,WAS,40.0,1439.0,0.539,35.975
Brandon Boston Jr.,LAC,51.0,760.0,0.481,14.901960784313726
Brandon Clarke,MEM,64.0,1246.0,0.66,19.46875
Brandon Goodwin,CLE,36.0,502.0,0.501,13.944444444444445
Brandon Ingram,NOP,55.0,1869.0,0.554,33.981818181818184
Brandon Knight,DAL,5.0,65.0,0.561,13.0
Brandon Williams,POR,24.0,640.0,0.476,26.666666666666668
Braxton Key,2TM,11.0,197.0,0.508,17.90909090909091
Brodric Thomas,BOS,12.0,60.0,0.52,5.0
Brook Lopez,MIL,13.0,298.0,0.57,22.923076923076923
Bruce Brown,BRK,72.0,1774.0,0.575,24.63888888888889
Bruno Fernando,2TM,30.0,152.0,0.671,5.066666666666666
Bryn Forbes,2TM,75.0,1286.0,0.574,17.14666666666667
Buddy Hield,2TM,81.0,2499.0,0.548,30.85185185185185
CJ Elleby,POR,58.0,1174.0,0.491,20.24137931034483
CJ McCollum,2TM,62.0,2145.0,0.553,34.596774193548384
Cade Cunningham,DET,64.0,2088.0,0.504,32.625
Caleb Martin,MIA,60.0,1372.0,0.611,22.866666666666667
Cam Reddish,2TM,49.0,1012.0,0.543,20.653061224489797
Cam Thomas,BRK,67.0,1176.0,0.519,17.55223880597015
Cameron Johnson,PHO,66.0,1730.0,0.625,26.21212121212121
Cameron McGriff,POR,3.0,46.0,0.47,15.333333333333334
Cameron Oliver,ATL,2.0,43.0,0.705,21.5
Cameron Payne,PHO,58.0,1278.0,0.5,22.03448275862069
Caris LeVert,2TM,58.0,1781.0,0.525,30.70689655172414
Carlik Jones,2TM,5.0,23.0,0.202,4.6
Carmelo Anthony,LAL,69.0,1793.0,0.579,25.985507246376812
Carsen Edwards,DET,4.0,79.0,0.378,19.75
Cassius Stanley,DET,9.0,155.0,0.516,17.22222222222222
Cassius Winston,WAS,7.0,39.0,0.549,5.571428571428571
Cat Barber,ATL,3.0,13.0,0.0,4.333333333333333
Cedi Osman,CLE,66.0,1462.0,0.563,22.151515151515152
Chandler Hutchison,PHO,6.0,22.0,0.694,3.6666666666666665
Charles Bassey,PHI,23.0,168.0,0.66,7.304347826086956
Charlie Brown Jr.,2TM,22.0,177.0,0.346,8.045454545454545
Chaundee Brown Jr.,2TM,5.0,104.0,0.447,20.8
Cheick Diallo,DET,3.0,31.0,0.517,10.333333333333334
Chimezie Metu,SAC,60.0,1279.0,0.546,21.316666666666666
Chris Boucher,TOR,80.0,1690.0,0.57,21.125
Chris Chiozza,GSW,34.0,372.0,0.407,10.941176470588236
Chris Duarte,IND,55.0,1541.0,0.537,28.01818181818182
Chris Paul,PHO,65.0,2139.0,0.581,32.90769230769231
Chris Silva,2TM,10.0,91.0,0.641,9.1
Christian Wood,HOU,68.0,2094.0,0.595,30.794117647058822
Chuma Okeke,ORL,70.0,1749.0,0.501,24.985714285714284
Clint Capela,ATL,74.0,2042.0,0.604,27.594594594594593
Coby White,CHI,61.0,1675.0,0.564,27.459016393442624
Cody Martin,CHO,71.0,1866.0,0.579,26.281690140845072
Cody Zeller,POR,27.0,355.0,0.627,13.148148148148149
Cole Anthony,ORL,65.0,2059.0,0.519,31.676923076923078
Collin Sexton,CLE,11.0,316.0,0.523,28.727272727272727
Corey Kispert,WAS,77.0,1801.0,0.586,23.38961038961039
Cory Joseph,DET,65.0,1600.0,0.579,24.615384615384617
Craig Sword,WAS,3.0,19.0,0.75,6.333333333333333
D'Angelo Russell,MIN,65.0,2077.0,0.544,31.953846153846154
D.J. Augustin,2TM,55.0,883.0,0.61,16.054545454545455
D.J. Wilson,TOR,4.0,54.0,0.773,13.5
DaQuan Jeffries,MEM,3.0,9.0,0.5,3.0
Daishen Nix,HOU,24.0,261.0,0.48,10.875
Dakota Mathias,MEM,6.0,16.0,0.5,2.6666666666666665
Dalano Banton,TOR,64.0,696.0,0.463,10.875
Damian Jones,SAC,56.0,1017.0,0.701,18.160714285714285
Damian Lillard,POR,29.0,1056.0,0.55,36.41379310344828
Damion Lee,GSW,63.0,1256.0,0.561,19.936507936507937
Damyean Dotson,NYK,2.0,21.0,0.5,10.5
Daniel Gafford,WAS,72.0,1444.0,0.708,20.055555555555557
Daniel Oturu,TOR,3.0,27.0,0.549,9.0
Daniel Theis,2TM,47.0,977.0,0.595,20.78723404255319
Danilo Gallinari,ATL,66.0,1672.0,0.579,25.333333333333332
Danny Green,PHI,62.0,1353.0,0.561,21.822580645161292
Danuel House Jr.,3TM,42.0,727.0,0.555,17.30952380952381
Darius Bazley,OKC,69.0,1924.0,0.515,27.884057971014492
Darius Garland,CLE,68.0,2430.0,0.576,35.73529411764706
Darren Collison,LAL,3.0,37.0,0.286,12.333333333333334
David Duke Jr.,BRK,22.0,341.0,0.444,15.5
David Johnson,TOR,2.0,2.0,0.0,1.0
David Nwaba,HOU,46.0,609.0,0.567,13.23913043478261
Davion Mitchell,SAC,75.0,2076.0,0.489,27.68
Davon Reed,DEN,48.0,668.0,0.624,13.916666666666666
Day'Ron Sharpe,BRK,32.0,391.0,0.593,12.21875
De'Aaron Fox,SAC,59.0,2083.0,0.549,35.30508474576271
De'Andre Hunter,ATL,53.0,1577.0,0.547,29.754716981132077
De'Anthony Melton,MEM,73.0,1657.0,0.529,22.698630136986303
DeAndre Jordan,2TM,48.0,622.0,0.641,12.958333333333334
DeAndre' Bembry,2TM,56.0,1026.0,0.601,18.321428571428573
DeMar DeRozan,CHI,76.0,2743.0,0.59,36.0921052631579
DeMarcus Cousins,2TM,48.0,718.0,0.567,14.958333333333334
Dean Wade,CLE,51.0,980.0,0.584,19.215686274509803
Deandre Ayton,PHO,58.0,1713.0,0.656,29.53448275862069
Deividas Sirvydis,DET,3.0,27.0,0.15,9.0
Dejounte Murray,SAS,68.0,2366.0,0.533,34.794117647058826
Delon Wright,ATL,77.0,1452.0,0.576,18.857142857142858
Deni Avdija,WAS,82.0,1984.0,0.536,24.195121951219512
Dennis Schröder,2TM,64.0,1837.0,0.539,28.703125
Dennis Smith Jr.,POR,37.0,638.0,0.474,17.243243243243242
Denzel Valentine,2TM,24.0,222.0,0.523,9.25
Derrick Favors,OKC,39.0,653.0,0.534,16.743589743589745
Derrick Jones Jr.,CHI,51.0,899.0,0.633,17.627450980392158
Derrick Rose,NYK,26.0,636.0,0.541,24.46153846153846
Derrick Walton,DET,3.0,108.0,0.342,36.0
Derrick White,2TM,75.0,2199.0,0.549,29.32
Desmond Bane,MEM,76.0,2266.0,0.592,29.81578947368421
Devin Booker,PHO,68.0,2345.0,0.576,34.48529411764706
Devin Cannady,ORL,5.0,145.0,0.531,29.0
Devin Vassell,SAS,71.0,1937.0,0.54,27.281690140845072
Devon Dotson,CHI,11.0,85.0,0.538,7.7272727272727275
Devontae Cacok,SAS,15.0,121.0,0.675,8.066666666666666
Devonte' Graham,NOP,76.0,2162.0,0.514,28.44736842105263
Dewayne Dedmon,MIA,67.0,1065.0,0.632,15.895522388059701
Didi Louzada,2TM,9.0,129.0,0.517,14.333333333333334
Dillon Brooks,MEM,32.0,885.0,0.515,27.65625
Domantas Sabonis,2TM,62.0,2136.0,0.637,34.45161290322581
Donovan Mitchell,UTA,67.0,2266.0,0.572,33.82089552238806
Donte DiVincenzo,2TM,42.0,1006.0,0.51,23.952380952380953
Dorian Finney-Smith,DAL,80.0,2644.0,0.604,33.05
Doug McDermott,SAS,51.0,1223.0,0.593,23.980392156862745
Draymond Green,GSW,46.0,1329.0,0.582,28.891304347826086
Drew Eubanks,2TM,71.0,1245.0,0.638,17.535211267605632
Duane Washington Jr.,IND,48.0,968.0,0.521,20.166666666666668
Duncan Robinson,MIA,79.0,2043.0,0.573,25.860759493670887
Dwight Howard,LAL,60.0,971.0,0.657,16.183333333333334
Dwight Powell,DAL,82.0,1798.0,0.725,21.926829268292682
Dylan Windler,CLE,50.0,459.0,0.519,9.18
Dāvis Bertāns,2TM,56.0,807.0,0.531,14.410714285714286
Ed Davis,CLE,31.0,201.0,0.632,6.483870967741935
Elfrid Payton,PHO,50.0,549.0,0.397,10.98
Elijah Hughes,2TM,36.0,434.0,0.426,12.055555555555555
Emanuel Terry,PHO,3.0,18.0,0.0,6.0
Emmanuel Mudiay,SAC,2.0,11.0,0.399,5.5
Enes Freedom,BOS,35.0,411.0,0.585,11.742857142857142
Eric Bledsoe,LAC,54.0,1361.0,0.514,25.203703703703702
Eric Gordon,HOU,57.0,1669.0,0.614,29.280701754385966
Eric Paschall,UTA,58.0,736.0,0.612,12.689655172413794
Eugene Omoruyi,DAL,4.0,18.0,0.518,4.5
Evan Fournier,NYK,80.0,2358.0,0.554,29.475
Evan Mobley,CLE,69.0,2331.0,0.549,33.78260869565217
Facundo Campazzo,DEN,65.0,1184.0,0.503,18.215384615384615
Feron Hunt,NYK,2.0,8.0,0.0,4.0
Frank Jackson,DET,53.0,1164.0,0.53,21.962264150943398
Frank Kaminsky,PHO,9.0,181.0,0.635,20.11111111111111
Frank Ntilikina,DAL,58.0,685.0,0.513,11.810344827586206
Franz Wagner,ORL,79.0,2429.0,0.559,30.746835443037973
Fred VanVleet,TOR,65.0,2462.0,0.552,37.87692307692308
Freddie Gillespie,ORL,9.0,119.0,0.419,13.222222222222221
Furkan Korkmaz,PHI,67.0,1414.0,0.502,21.104477611940297
Gabe Vincent,MIA,68.0,1589.0,0.551,23.36764705882353
Gabe York,IND,2.0,21.0,0.435,10.5
Gabriel Deck,OKC,7.0,56.0,0.643,8.0
Gabriel Lundberg,PHO,4.0,44.0,0.342,11.0
Garrett Temple,NOP,59.0,1098.0,0.494,18.610169491525422
Garrison Mathews,HOU,65.0,1712.0,0.602,26.338461538461537
Gary Clark,NOP,38.0,378.0,0.547,9.947368421052632
Gary Harris,ORL,61.0,1730.0,0.571,28.360655737704917
Gary Payton II,GSW,71.0,1247.0,0.679,17.56338028169014
Gary Trent Jr.,TOR,70.0,2448.0,0.546,34.97142857142857
George Hill,MIL,54.0,1253.0,0.552,23.203703703703702
George King,DAL,4.0,19.0,0.085,4.75
Georges Niang,PHI,76.0,1736.0,0.594,22.842105263157894
Georgios Kalaitzakis,2TM,13.0,214.0,0.536,16.46153846153846
Giannis Antetokounmpo,MIL,67.0,2204.0,0.633,32.8955223880597
Goga Bitadze,IND,50.0,729.0,0.595,14.58
Goran Dragić,2TM,21.0,498.0,0.474,23.714285714285715
Gordon Hayward,CHO,49.0,1564.0,0.57,31.918367346938776
Gorgui Dieng,ATL,44.0,371.0,0.624,8.431818181818182
Grant Williams,BOS,77.0,1875.0,0.635,24.350649350649352
Grayson Allen,MIL,66.0,1805.0,0.609,27.348484848484848
Greg Brown III,POR,48.0,640.0,0.515,13.333333333333334
Greg Monroe,4TM,14.0,195.0,0.566,13.928571428571429
Hamidou Diallo,DET,58.0,1269.0,0.541,21.879310344827587
Harrison Barnes,SAC,77.0,2587.0,0.623,33.5974025974026
Hassan Whiteside,UTA,65.0,1162.0,0.662,17.876923076923077
Hassani Gravett,ORL,8.0,171.0,0.629,21.375
Haywood Highsmith,MIA,19.0,163.0,0.446,8.578947368421053
Herbert Jones,NOP,78.0,2335.0,0.573,29.935897435897434
Ignas Brazdeikis,ORL,42.0,536.0,0.52,12.761904761904763
Immanuel Quickley,NYK,78.0,1802.0,0.543,23.102564102564102
Isaac Bonga,TOR,15.0,69.0,0.363,4.6
Isaac Okoro,CLE,67.0,1981.0,0.589,29.567164179104477
Isaiah Hartenstein,LAC,68.0,1216.0,0.664,17.88235294117647
Isaiah Jackson,IND,36.0,541.0,0.607,15.027777777777779
Isaiah Joe,PHI,55.0,609.0,0.519,11.072727272727272
Isaiah Livers,DET,19.0,383.0,0.629,20.157894736842106
Isaiah Roby,OKC,45.0,948.0,0.607,21.066666666666666
Isaiah Stewart,DET,71.0,1816.0,0.55,25.577464788732396
Isaiah Thomas,3TM,22.0,333.0,0.516,15.136363636363637
Isaiah Todd,WAS,12.0,74.0,0.349,6.166666666666667
Ish Smith,2TM,65.0,1126.0,0.465,17.323076923076922
Ish Wainright,PHO,45.0,359.0,0.494,7.977777777777778
Ivica Zubac,LAC,76.0,1852.0,0.66,24.36842105263158
JT Thor,CHO,33.0,262.0,0.525,7.9393939393939394
Ja Morant,MEM,57.0,1889.0,0.575,33.14035087719298
JaMychal Green,DEN,67.0,1085.0,0.587,16.19402985074627
JaQuori McLaughlin,DAL,4.0,11.0,0.0,2.75
JaVale McGee,PHO,74.0,1172.0,0.651,15.837837837837839
Jabari Parker,BOS,12.0,112.0,0.632,9.333333333333334
Jaden McDaniels,MIN,70.0,1803.0,0.553,25.757142857142856
Jaden Springer,PHI,2.0,6.0,1.0,3.0
Jae Crowder,PHO,67.0,1886.0,0.541,28.149253731343283
Jae'Sean Tate,HOU,78.0,2056.0,0.567,26.358974358974358
Jahmi'us Ramsey,SAC,19.0,134.0,0.468,7.052631578947368
Jake Layman,MIN,34.0,231.0,0.5,6.794117647058823
Jakob Poeltl,SAS,68.0,1970.0,0.613,28.970588235294116
Jalen Brunson,DAL,79.0,2524.0,0.583,31.949367088607595
Jalen Green,HOU,67.0,2138.0,0.547,31.91044776119403
Jalen Johnson,ATL,22.0,120.0,0.59,5.454545454545454
Jalen McDaniels,CHO,55.0,895.0,0.595,16.272727272727273
Jalen Smith,2TM,51.0,925.0,0.595,18.137254901960784
Jalen Suggs,ORL,48.0,1307.0,0.455,27.229166666666668
James Bouknight,CHO,31.0,304.0,0.459,9.806451612903226
James Ennis III,3TM,7.0,56.0,0.553,8.0
James Harden,2TM,65.0,2419.0,0.583,37.215384615384615
James Johnson,BRK,62.0,1191.0,0.513,19.20967741935484
Jamorko Pickett,DET,13.0,176.0,0.491,13.538461538461538
Jared Butler,UTA,42.0,360.0,0.509,8.571428571428571
Jared Harper,NOP,5.0,43.0,0.666,8.6
Jaren Jackson Jr.,MEM,78.0,2126.0,0.535,27.256410256410255
Jarred Vanderbilt,MIN,74.0,1880.0,0.612,25.405405405405407
Jarrett Allen,CLE,56.0,1809.0,0.698,32.30357142857143
Jarrett Culver,MEM,37.0,338.0,0.433,9.135135135135135
Jarron Cumberland,POR,3.0,12.0,0.5,4.0
Javonte Green,CHI,65.0,1519.0,0.637,23.369230769230768
Javonte Smart,2TM,17.0,200.0,0.407,11.764705882352942
Jaxson Hayes,NOP,70.0,1398.0,0.68,19.97142857142857
Jay Huff,LAL,4.0,20.0,0.0,5.0
Jay Scrubb,LAC,18.0,121.0,0.486,6.722222222222222
Jaylen Brown,BOS,66.0,2220.0,0.574,33.63636363636363
Jaylen Hoard,OKC,7.0,240.0,0.536,34.285714285714285
Jaylen Morris,SAS,3.0,16.0,0.129,5.333333333333333
Jaylen Nowell,MIN,62.0,975.0,0.581,15.725806451612904
Jaysean Paige,DET,1.0,7.0,0.0,7.0
Jayson Tatum,BOS,76.0,2731.0,0.578,35.93421052631579
Jeff Dowtin Jr.,3TM,9.0,108.0,0.353,12.0
Jeff Green,DEN,75.0,1849.0,0.627,24.653333333333332
Jemerrio Jones,LAL,2.0,15.0,0.667,7.5
Jerami Grant,DET,47.0,1500.0,0.556,31.914893617021278
Jeremiah Robinson-Earl,OKC,49.0,1087.0,0.526,22.183673469387756
Jeremy Lamb,2TM,56.0,935.0,0.521,16.696428571428573
Jericho Sims,NYK,41.0,555.0,0.674,13.536585365853659
Jevon Carter,2TM,66.0,905.0,0.531,13.712121212121213
Jimmy Butler,MIA,57.0,1931.0,0.592,33.87719298245614
Jock Landale,SAS,54.0,589.0,0.597,10.907407407407407
Joe Harris,BRK,14.0,423.0,0.624,30.214285714285715
Joe Ingles,UTA,45.0,1122.0,0.551,24.933333333333334
Joe Johnson,BOS,1.0,2.0,1.0,2.0
Joe Wieskamp,SAS,29.0,205.0,0.494,7.068965517241379
Joel Ayayi,WAS,7.0,20.0,0.167,2.857142857142857
Joel Embiid,PHI,68.0,2297.0,0.616,33.779411764705884
John Collins,ATL,54.0,1663.0,0.61,30.796296296296298
John Konchar,MEM,72.0,1292.0,0.615,17.944444444444443
Jon Teske,MEM,3.0,8.0,0.0,2.6666666666666665
Jonas Valančiūnas,NOP,74.0,2240.0,0.617,30.27027027027027
Jonathan Kuminga,GSW,70.0,1185.0,0.6,16.928571428571427
Jordan Clarkson,UTA,79.0,2141.0,0.532,27.10126582278481
Jordan Goodwin,WAS,2.0,6.0,0.0,3.0
Jordan McLaughlin,MIN,62.0,902.0,0.535,14.548387096774194
Jordan Nwora,MIL,62.0,1185.0,0.506,19.112903225806452
Jordan Poole,GSW,76.0,2283.0,0.598,30.039473684210527
Jordan Schakel,WAS,4.0,30.0,0.21,7.5
Jose Alvarado,NOP,54.0,834.0,0.52,15.444444444444445
Josh Christopher,HOU,74.0,1334.0,0.534,18.027027027027028
Josh Giddey,OKC,54.0,1700.0,0.478,31.48148148148148
Josh Green,DAL,67.0,1039.0,0.578,15.507462686567164
Josh Hart,2TM,54.0,1791.0,0.61,33.166666666666664
Josh Jackson,2TM,51.0,830.0,0.491,16.274509803921568
Josh Okogie,MIN,49.0,516.0,0.526,10.53061224489796
Josh Richardson,2TM,65.0,1600.0,0.573,24.615384615384617
Joshua Primo,SAS,50.0,965.0,0.487,19.3
Jrue Holiday,MIL,67.0,2207.0,0.593,32.940298507462686
Juan Toscano-Anderson,GSW,73.0,994.0,0.561,13.616438356164384
Juancho Hernangómez,3TM,40.0,445.0,0.542,11.125
Julius Randle,NYK,72.0,2544.0,0.509,35.333333333333336
Justin Anderson,2TM,16.0,316.0,0.493,19.75
Justin Champagnie,TOR,36.0,281.0,0.571,7.805555555555555
Justin Holiday,2TM,74.0,2057.0,0.543,27.7972972972973
Justin Jackson,2TM,7.0,37.0,0.472,5.285714285714286
Justin Robinson,3TM,25.0,304.0,0.404,12.16
Justise Winslow,2TM,48.0,774.0,0.479,16.125
Jusuf Nurkić,POR,56.0,1579.0,0.586,28.196428571428573
Juwan Morgan,2TM,2.0,31.0,0.833,15.5
KJ Martin,HOU,79.0,1656.0,0.603,20.962025316455698
KZ Okpala,MIA,21.0,244.0,0.521,11.619047619047619
Kai Jones,CHO,21.0,63.0,0.628,3.0
Karl-Anthony Towns,MIN,74.0,2476.0,0.64,33.45945945945946
Keifer Sykes,IND,32.0,566.0,0.456,17.6875
Keita Bates-Diop,SAS,59.0,956.0,0.578,16.203389830508474
Kelan Martin,2TM,30.0,450.0,0.484,15.0
Keldon Johnson,SAS,75.0,2392.0,0.574,31.893333333333334
Keljin Blevins,POR,31.0,349.0,0.41,11.258064516129032
Kelly Olynyk,DET,40.0,764.0,0.561,19.1
Kelly Oubre Jr.,CHO,76.0,1999.0,0.56,26.30263157894737
Kemba Walker,NYK,37.0,948.0,0.537,25.62162162162162
Kenrich Williams,OKC,49.0,1072.0,0.532,21.877551020408163
Kent Bazemore,LAL,39.0,545.0,0.451,13.974358974358974
Kentavious Caldwell-Pope,WAS,77.0,2329.0,0.568,30.246753246753247
Keon Johnson,2TM,37.0,697.0,0.453,18.83783783783784
Kessler Edwards,BRK,48.0,987.0,0.516,20.5625
Kevin Durant,BRK,55.0,2047.0,0.634,37.21818181818182
Kevin Huerter,ATL,74.0,2188.0,0.57,29.56756756756757
Kevin Knox,2TM,30.0,222.0,0.491,7.4
Kevin Love,CLE,74.0,1665.0,0.594,22.5
Kevin Pangos,CLE,24.0,166.0,0.408,6.916666666666667
Kevin Porter Jr.,HOU,61.0,1907.0,0.531,31.262295081967213
Kevon Looney,GSW,82.0,1732.0,0.586,21.121951219512194
Khem Birch,TOR,55.0,991.0,0.534,18.01818181818182
Khris Middleton,MIL,66.0,2141.0,0.577,32.43939393939394
Killian Hayes,DET,66.0,1647.0,0.461,24.954545454545453
Killian Tillie,MEM,36.0,461.0,0.452,12.805555555555555
Kira Lewis Jr.,NOP,24.0,341.0,0.466,14.208333333333334
Klay Thompson,GSW,32.0,941.0,0.547,29.40625
Kris Dunn,POR,14.0,336.0,0.482,24.0
Kristaps Porziņģis,2TM,51.0,1481.0,0.577,29.03921568627451
Kyle Anderson,MEM,69.0,1484.0,0.506,21.507246376811594
Kyle Guy,MIA,19.0,186.0,0.526,9.789473684210526
Kyle Kuzma,WAS,66.0,2204.0,0.547,33.39393939393939
Kyle Lowry,MIA,63.0,2133.0,0.6,33.857142857142854
Kyrie Irving,BRK,29.0,1091.0,0.592,37.62068965517241
LaMarcus Aldridge,BRK,47.0,1050.0,0.604,22.340425531914892
LaMelo Ball,CHO,75.0,2422.0,0.554,32.29333333333334
Lamar Stevens,CLE,63.0,1015.0,0.544,16.11111111111111
Lance Stephenson,2TM,46.0,814.0,0.536,17.695652173913043
Landry Shamet,PHO,69.0,1437.0,0.55,20.82608695652174
Langston Galloway,2TM,7.0,107.0,0.269,15.285714285714286
Larry Nance Jr.,2TM,46.0,1040.0,0.59,22.608695652173914
Lauri Markkanen,CLE,61.0,1878.0,0.582,30.78688524590164
LeBron James,LAL,56.0,2084.0,0.619,37.214285714285715
Leandro Bolmaro,MIN,35.0,241.0,0.419,6.885714285714286
Lindell Wigginton,MIL,19.0,199.0,0.524,10.473684210526315
Lindy Waters III,OKC,25.0,465.0,0.562,18.6
Lonnie Walker IV,SAS,70.0,1612.0,0.512,23.02857142857143
Lonzo Ball,CHI,35.0,1212.0,0.575,34.628571428571426
Lou Williams,ATL,56.0,799.0,0.5,14.267857142857142
Louis King,SAC,10.0,104.0,0.438,10.4
Luguentz Dort,OKC,51.0,1665.0,0.541,32.64705882352941
Luka Dončić,DAL,65.0,2301.0,0.571,35.4
Luka Garza,DET,32.0,389.0,0.535,12.15625
Luke Kennard,LAC,70.0,1919.0,0.619,27.414285714285715
Luke Kornet,3TM,15.0,103.0,0.506,6.866666666666666
M.J. Walker,PHO,2.0,8.0,0.0,4.0
Mac McClung,2TM,2.0,25.0,0.621,12.5
Malachi Flynn,TOR,44.0,537.0,0.488,12.204545454545455
Malcolm Brogdon,IND,36.0,1206.0,0.557,33.5
Malcolm Hill,2TM,19.0,212.0,0.619,11.157894736842104
Malik Beasley,MIN,79.0,1976.0,0.544,25.0126582278481
Malik Fitts,2TM,15.0,63.0,0.553,4.2
Malik Monk,LAL,76.0,2139.0,0.597,28.144736842105264
Malik Newman,CLE,1.0,8.0,0.68,8.0
Mamadi Diakite,OKC,13.0,188.0,0.54,14.461538461538462
Marcus Garrett,MIA,12.0,128.0,0.28,10.666666666666666
Marcus Morris,LAC,54.0,1564.0,0.549,28.962962962962962
Marcus Smart,BOS,71.0,2296.0,0.54,32.33802816901409
Markelle Fultz,ORL,18.0,360.0,0.517,20.0
Markieff Morris,MIA,17.0,298.0,0.547,17.529411764705884
Marko Simonovic,CHI,9.0,35.0,0.428,3.888888888888889
Markus Howard,DEN,31.0,176.0,0.567,5.67741935483871
Marquese Chriss,DAL,34.0,346.0,0.518,10.176470588235293
Marvin Bagley III,2TM,48.0,1146.0,0.551,23.875
Mason Jones,LAL,4.0,51.0,0.625,12.75
Mason Plumlee,CHO,73.0,1793.0,0.603,24.561643835616437
Matisse Thybulle,PHI,66.0,1685.0,0.594,25.53030303030303
Matt Mooney,NYK,1.0,2.0,0.0,2.0
Matt Ryan,BOS,1.0,5.0,0.3,5.0
Matt Thomas,CHI,40.0,459.0,0.564,11.475
Maurice Harkless,SAC,47.0,863.0,0.561,18.361702127659573
Max Strus,MIA,68.0,1587.0,0.614,23.33823529411765
Maxi Kleber,DAL,59.0,1450.0,0.537,24.576271186440678
McKinley Wright IV,MIN,5.0,19.0,0.833,3.8
Melvin Frazier,OKC,3.0,120.0,0.313,40.0
Micah Potter,DET,3.0,31.0,0.505,10.333333333333334
Michael Porter Jr.,DEN,9.0,265.0,0.416,29.444444444444443
Mikal Bridges,PHO,82.0,2854.0,0.627,34.80487804878049
Mike Conley,UTA,72.0,2058.0,0.572,28.583333333333332
Mike Muscala,OKC,43.0,592.0,0.63,13.767441860465116
Miles Bridges,CHO,80.0,2837.0,0.593,35.4625
Miles McBride,NYK,40.0,372.0,0.393,9.3
Mitchell Robinson,NYK,72.0,1848.0,0.722,25.666666666666668
Miye Oni,UTA,16.0,44.0,0.265,2.75
Mo Bamba,ORL,71.0,1824.0,0.582,25.690140845070424
Monte Morris,DEN,75.0,2239.0,0.583,29.85333333333333
Montrezl Harrell,2TM,71.0,1641.0,0.68,23.112676056338028
Moritz Wagner,ORL,63.0,960.0,0.623,15.238095238095237
Moses Brown,2TM,40.0,345.0,0.612,8.625
Moses Moody,GSW,52.0,607.0,0.573,11.673076923076923
Moses Wright,2TM,4.0,14.0,0.47,3.5
Mychal Mulder,2TM,17.0,239.0,0.438,14.058823529411764
Myles Powell,PHI,11.0,52.0,0.364,4.7272727272727275
Myles Turner,IND,42.0,1235.0,0.615,29.404761904761905
Naji Marshall,NOP,55.0,735.0,0.505,13.363636363636363
Nassir Little,POR,42.0,1088.0,0.575,25.904761904761905
Nate Hinton,IND,2.0,2.0,0.0,1.0
Nathan Knight,MIN,37.0,267.0,0.603,7.216216216216216
Naz Reid,MIN,77.0,1215.0,0.588,15.779220779220779
Neemias Queta,SAC,15.0,120.0,0.495,8.0
Nemanja Bjelica,GSW,71.0,1142.0,0.573,16.08450704225352
Nerlens Noel,NYK,25.0,562.0,0.581,22.48
Nic Claxton,BRK,47.0,974.0,0.672,20.72340425531915
Nick Richards,CHO,50.0,367.0,0.689,7.34
Nickeil Alexander-Walker,2TM,65.0,1466.0,0.475,22.553846153846155
Nicolas Batum,LAC,59.0,1462.0,0.608,24.779661016949152
Nik Stauskas,2TM,8.0,39.0,0.541,4.875
Nikola Jokić,DEN,74.0,2476.0,0.661,33.45945945945946
Nikola Vučević,CHI,73.0,2418.0,0.533,33.12328767123287
Norman Powell,2TM,45.0,1458.0,0.603,32.4
Norvel Pelle,UTA,3.0,19.0,0.6,6.333333333333333
OG Anunoby,TOR,48.0,1728.0,0.549,36.0
Obi Toppin,NYK,72.0,1230.0,0.614,17.083333333333332
Olivier Sarr,OKC,22.0,421.0,0.672,19.136363636363637
Omer Yurtseven,MIA,56.0,706.0,0.546,12.607142857142858
Onyeka Okongwu,ATL,48.0,992.0,0.714,20.666666666666668
Oshae Brissett,IND,67.0,1564.0,0.53,23.34328358208955
Otto Porter Jr.,GSW,63.0,1396.0,0.581,22.158730158730158
P.J. Tucker,MIA,71.0,1981.0,0.593,27.901408450704224
P.J. Washington,CHO,65.0,1768.0,0.588,27.2
PJ Dozier,DEN,18.0,340.0,0.463,18.88888888888889
Paris Bass,PHO,2.0,7.0,0.436,3.5
Pascal Siakam,TOR,68.0,2578.0,0.565,37.911764705882355
Pat Connaughton,MIL,65.0,1691.0,0.62,26.015384615384615
Patrick Beverley,MIN,58.0,1476.0,0.539,25.448275862068964
Patrick Williams,CHI,17.0,422.0,0.637,24.823529411764707
Patty Mills,BRK,81.0,2346.0,0.563,28.962962962962962
Paul George,LAC,31.0,1077.0,0.538,34.74193548387097
Paul Millsap,2TM,33.0,376.0,0.458,11.393939393939394
Paul Reed,PHI,38.0,302.0,0.568,7.947368421052632
Paul Watson,OKC,9.0,156.0,0.432,17.333333333333332
Payton Pritchard,BOS,71.0,1001.0,0.578,14.098591549295774
Petr Cornelie,DEN,13.0,38.0,0.418,2.923076923076923
Precious Achiuwa,TOR,73.0,1725.0,0.503,23.63013698630137
Quentin Grimes,NYK,46.0,786.0,0.565,17.08695652173913
Quinndary Weatherspoon,GSW,11.0,73.0,0.647,6.636363636363637
R.J. Hampton,ORL,64.0,1402.0,0.481,21.90625
RJ Barrett,NYK,70.0,2417.0,0.511,34.52857142857143
RJ Nembhard Jr.,CLE,14.0,63.0,0.38,4.5
Rajon Rondo,2TM,39.0,697.0,0.496,17.871794871794872
Raul Neto,WAS,70.0,1372.0,0.538,19.6
Rayjon Tucker,2TM,5.0,71.0,0.869,14.2
Reggie Bullock,DAL,68.0,1902.0,0.558,27.970588235294116
Reggie Jackson,LAC,75.0,2337.0,0.488,31.16
Reggie Perry,2TM,10.0,187.0,0.537,18.7
Richaun Holmes,SAC,45.0,1074.0,0.689,23.866666666666667
Ricky Rubio,CLE,34.0,970.0,0.488,28.529411764705884
Rob Edwards,OKC,2.0,11.0,0.375,5.5
Robert Covington,2TM,71.0,1940.0,0.572,27.323943661971832
Robert Williams,BOS,61.0,1804.0,0.745,29.57377049180328
Robert Woodard II,SAC,12.0,42.0,0.207,3.5
Robin Lopez,ORL,36.0,612.0,0.57,17.0
Rodney Hood,2TM,52.0,709.0,0.493,13.634615384615385
Rodney McGruder,DET,51.0,754.0,0.577,14.784313725490197
Romeo Langford,2TM,48.0,771.0,0.52,16.0625
Royce O'Neale,UTA,77.0,2406.0,0.608,31.246753246753247
Rudy Gay,UTA,55.0,1038.0,0.539,18.87272727272727
Rudy Gobert,UTA,66.0,2120.0,0.732,32.121212121212125
Rui Hachimura,WAS,42.0,943.0,0.579,22.452380952380953
Russell Westbrook,LAL,78.0,2678.0,0.512,34.333333333333336
Ryan Arcidiacono,NYK,10.0,76.0,0.667,7.6
Saben Lee,DET,37.0,604.0,0.499,16.324324324324323
Saddiq Bey,DET,82.0,2704.0,0.529,32.97560975609756
Sam Hauser,BOS,26.0,158.0,0.65,6.076923076923077
Sam Merrill,MEM,6.0,58.0,0.485,9.666666666666666
Sandro Mamukelashvili,MIL,41.0,407.0,0.618,9.926829268292684
Santi Aldama,MEM,32.0,360.0,0.452,11.25
Scottie Barnes,TOR,74.0,2617.0,0.552,35.36486486486486
Scottie Lewis,CHO,2.0,7.0,0.568,3.5
Scotty Hopson,OKC,1.0,18.0,0.5,18.0
Sekou Doumbouya,LAL,2.0,16.0,0.717,8.0
Semi Ojeleye,2TM,30.0,406.0,0.438,13.533333333333333
Serge Ibaka,2TM,54.0,877.0,0.579,16.24074074074074
Seth Curry,2TM,64.0,2135.0,0.615,33.359375
Shai Gilgeous-Alexander,OKC,56.0,1942.0,0.557,34.67857142857143
Shake Milton,PHI,55.0,1179.0,0.517,21.436363636363637
Shaq Buchanan,MEM,2.0,10.0,0.25,5.0
Shaquille Harrison,BRK,2.0,23.0,0.333,11.5
Sharife Cooper,ATL,13.0,39.0,0.25,3.0
Skylar Mays,ATL,28.0,220.0,0.589,7.857142857142857
Solomon Hill,ATL,13.0,139.0,0.2,10.692307692307692
Spencer Dinwiddie,2TM,67.0,1980.0,0.543,29.55223880597015
Stanley Johnson,LAL,48.0,1094.0,0.564,22.791666666666668
Stephen Curry,GSW,64.0,2211.0,0.601,34.546875
Sterling Brown,DAL,49.0,628.0,0.495,12.816326530612244
Steven Adams,MEM,76.0,1999.0,0.56,26.30263157894737
Svi Mykhailiuk,TOR,56.0,716.0,0.509,12.785714285714286
T.J. McConnell,IND,27.0,652.0,0.525,24.14814814814815
Tacko Fall,CLE,11.0,59.0,0.398,5.363636363636363
Taj Gibson,NYK,52.0,946.0,0.606,18.192307692307693
Talen Horton-Tucker,LAL,60.0,1511.0,0.503,25.183333333333334
Taurean Prince,MIN,69.0,1177.0,0.589,17.057971014492754
Terance Mann,LAC,81.0,2317.0,0.572,28.604938271604937
Terence Davis,SAC,30.0,536.0,0.543,17.866666666666667
Terrence Ross,ORL,63.0,1448.0,0.515,22.984126984126984
Terry Rozier,CHO,73.0,2458.0,0.566,33.67123287671233
Terry Taylor,IND,33.0,714.0,0.656,21.636363636363637
Thaddeus Young,2TM,52.0,845.0,0.548,16.25
Thanasis Antetokounmpo,MIL,48.0,473.0,0.577,9.854166666666666
Theo Pinson,DAL,19.0,148.0,0.553,7.7894736842105265
Thomas Bryant,WAS,27.0,439.0,0.607,16.25925925925926
Théo Maledon,OKC,51.0,908.0,0.5,17.80392156862745
Tim Frazier,2TM,12.0,208.0,0.398,17.333333333333332
Tim Hardaway Jr.,DAL,42.0,1245.0,0.52,29.642857142857142
Timothé Luwawu-Cabarrot,ATL,52.0,685.0,0.556,13.173076923076923
Tobias Harris,PHI,73.0,2543.0,0.566,34.83561643835616
Tomáš Satoranský,3TM,55.0,906.0,0.461,16.472727272727273
Tony Bradley,CHI,55.0,549.0,0.6,9.981818181818182
Tony Snell,2TM,53.0,823.0,0.541,15.528301886792454
Torrey Craig,2TM,78.0,1596.0,0.556,20.46153846153846
Trae Young,ATL,76.0,2652.0,0.603,34.89473684210526
Trayvon Palmer,DET,1.0,17.0,0.0,17.0
Tre Jones,SAS,69.0,1148.0,0.545,16.63768115942029
Tre Mann,OKC,60.0,1367.0,0.501,22.783333333333335
Tre Scott,CLE,2.0,11.0,0.5,5.5
Tremont Waters,2TM,3.0,50.0,0.357,16.666666666666668
Trendon Watford,POR,48.0,869.0,0.59,18.104166666666668
Trent Forrest,UTA,60.0,765.0,0.554,12.75
Trevelin Queen,HOU,10.0,74.0,0.619,7.4
Trevor Ariza,LAL,24.0,462.0,0.449,19.25
Trey Burke,DAL,42.0,441.0,0.475,10.5
Trey Lyles,2TM,75.0,1537.0,0.588,20.493333333333332
Trey Murphy III,NOP,62.0,864.0,0.558,13.935483870967742
Tristan Thompson,3TM,57.0,897.0,0.541,15.736842105263158
Troy Brown Jr.,CHI,66.0,1055.0,0.525,15.984848484848484
Ty Jerome,OKC,48.0,801.0,0.488,16.6875
Tyler Cook,CHI,20.0,200.0,0.643,10.0
Tyler Herro,MIA,66.0,2151.0,0.561,32.59090909090909
Tyler Johnson,2TM,6.0,91.0,0.425,15.166666666666666
Tyrell Terry,MEM,2.0,3.0,1.0,1.5
Tyrese Haliburton,2TM,77.0,2695.0,0.595,35.0
Tyrese Maxey,PHI,75.0,2650.0,0.594,35.333333333333336
Tyrone Wallace,NOP,6.0,75.0,0.383,12.5
Tyus Jones,MEM,73.0,1549.0,0.544,21.21917808219178
Udoka Azubuike,UTA,17.0,195.0,0.743,11.470588235294118
Udonis Haslem,MIA,13.0,83.0,0.495,6.384615384615385
Usman Garuba,HOU,24.0,239.0,0.51,9.958333333333334
Vernon Carey Jr.,2TM,7.0,44.0,0.534,6.285714285714286
Victor Oladipo,MIA,8.0,173.0,0.608,21.625
Vit Krejci,OKC,30.0,690.0,0.529,23.0
Vlatko Čančar,DEN,15.0,176.0,0.657,11.733333333333333
Wayne Ellington,LAL,43.0,810.0,0.593,18.837209302325583
Wayne Selden,NYK,3.0,19.0,0.434,6.333333333333333
Wendell Carter Jr.,ORL,62.0,1852.0,0.601,29.870967741935484
Wenyen Gabriel,3TM,26.0,358.0,0.549,13.76923076923077
Wes Iwundu,ATL,3.0,82.0,0.557,27.333333333333332
Wesley Matthews,MIL,49.0,1002.0,0.536,20.448979591836736
Will Barton,DEN,71.0,2277.0,0.548,32.070422535211264
Willie Cauley-Stein,2TM,20.0,183.0,0.474,9.15
Willy Hernangómez,NOP,50.0,839.0,0.582,16.78
Xavier Moon,LAC,10.0,137.0,0.545,13.7
Xavier Sneed,2TM,9.0,39.0,0.25,4.333333333333333
Xavier Tillman Sr.,MEM,53.0,701.0,0.51,13.226415094339623
Yuta Watanabe,TOR,38.0,445.0,0.524,11.710526315789474
Yves Pons,MEM,12.0,71.0,0.385,5.916666666666667
Zach Collins,SAS,28.0,502.0,0.594,17.928571428571427
Zach LaVine,CHI,67.0,2328.0,0.605,34.74626865671642
Zavier Simpson,OKC,4.0,174.0,0.406,43.5
Zeke Nnaji,DEN,41.0,698.0,0.629,17.024390243902438
Ziaire Williams,MEM,62.0,1346.0,0.559,21.70967741935484
Zylan Cheatham,UTA,1.0,5.0,0.0,5.0
